<?xml version="1.0" encoding="UTF-8" standalone="yes"?>
<bas:basket xmlns:xsi="http://www.w3.org/2001/XMLSchema-instance" xmlns:c="urn:com:endress:crm:onlineshop:common.2.6.xsd" xmlns:bas="urn:com:endress:crm:onlineshop:basket.2.6.xsd" positionsCount="2" version="2.6">
    <bas:header>
        <bas:senderSystem>NEBP</bas:senderSystem>
        <bas:receiverSystem>PCA</bas:receiverSystem>
        <bas:date>2025-09-05</bas:date>
        <bas:client>042</bas:client>
        <bas:salesOrgERP>4600</bas:salesOrgERP>
        <bas:distributionChannel>04</bas:distributionChannel>
        <bas:language>en</bas:language>
        <bas:docType>ZHQT</bas:docType>
        <bas:docStatus>Confirmed</bas:docStatus>
        <bas:docNumber domain="ehScQuote">
            <c:docNo>2061348427</c:docNo>
            <c:date>2025-09-05</c:date>
        </bas:docNumber>
        <bas:extBasketId>171cf9a8-769f-426a-badf-bd151cb4d99c</bas:extBasketId>
        <bas:custReference>KM RADAR REQUEST</bas:custReference>
        <bas:paymentTerms>4612</bas:paymentTerms>
        <bas:customer>
            <bas:number>46207007</bas:number>
            <bas:references>
                <bas:custNumber type="ERP">0046207007</bas:custNumber>
            </bas:references>
            <bas:name>ENETK LLC</bas:name>
            <bas:contact number="559469">
                <c:firstname>Mr. Kyle Merrill</c:firstname>
                <c:lastname></c:lastname>
                <c:connectivity>
                    <c:email type="email">kyle.merrill@enetk.com</c:email>
                    <c:phone type="mobile"></c:phone>
                    <c:phone type="phone">701-495-2005</c:phone>
                    <c:fax type="fax"></c:fax>
                </c:connectivity>
            </bas:contact>
            <bas:address type="BILL_TO" number="46224752">
                <c:name1>ENETK LLC</c:name1>
                <c:name2></c:name2>
                <c:street>PO BOX 1155</c:street>
                <c:city>DICKINSON</c:city>
                <c:region>ND</c:region>
                <c:postalcode>58602</c:postalcode>
                <c:country>US</c:country>
            </bas:address>
            <bas:address type="END_CUSTOMER" number="46207007">
                <c:name1>ENETK LLC</c:name1>
                <c:name2></c:name2>
                <c:street>11085 32E ST SW</c:street>
                <c:city>DICKINSON</c:city>
                <c:region>ND</c:region>
                <c:postalcode>58601-7810</c:postalcode>
                <c:country>US</c:country>
            </bas:address>
            <bas:address type="SOLD_TO" number="46207007">
                <c:name1>ENETK LLC</c:name1>
                <c:name2></c:name2>
                <c:street>11085 32E ST SW</c:street>
                <c:city>DICKINSON</c:city>
                <c:region>ND</c:region>
                <c:postalcode>58601-7810</c:postalcode>
                <c:country>US</c:country>
            </bas:address>
        </bas:customer>
        <bas:pricing>
            <bas:ika>
                <bas:contract>9058</bas:contract>
                <bas:project></bas:project>
            </bas:ika>
            <bas:priceDate>2025-09-04</bas:priceDate>
            <bas:validToDate>2025-09-30</bas:validToDate>
            <bas:totalsSales onRequest="false">
                <bas:netValue currency="USD">6927.06</bas:netValue>
                <bas:freight currency="USD">0.00</bas:freight>
                <bas:tax currency="USD">346.35</bas:tax>
                <bas:grossValue currency="USD">7273.41</bas:grossValue>
            </bas:totalsSales>
        </bas:pricing>
        <bas:delivery onRequest="false">
            <bas:incoterms>
                <bas:code>DAP</bas:code>
                <bas:description>CUSTOMER SITE</bas:description>
            </bas:incoterms>
            <bas:shipTo type="standard" number="46207007">
                <c:name1>ENETK LLC</c:name1>
                <c:name2></c:name2>
                <c:street>11085 32E ST SW</c:street>
                <c:city>DICKINSON</c:city>
                <c:region>ND</c:region>
                <c:postalcode>58601-7810</c:postalcode>
                <c:country>US</c:country>
            </bas:shipTo>
        </bas:delivery>
        <bas:headerTexts>
            <bas:description language="en"></bas:description>
        </bas:headerTexts>
        <bas:addFields>
            <c:field type="loginname">e04633198</c:field>
        </bas:addFields>
    </bas:header>
    <bas:item higherLevelItem="false">
        <bas:itemNo>000020</bas:itemNo>
        <bas:extItemId></bas:extItemId>
        <bas:product configurable="true">
            <bas:materialNo>71524852</bas:materialNo>
            <bas:orderCode>FMR63B-9XA0/0</bas:orderCode>
            <bas:orderCodeLong>FMR63B-CDBADBHJGNTA3HKB+EH</bas:orderCodeLong>
            <bas:ident>FMR63B-9XA0/0</bas:ident>
            <bas:custMaterialNumber></bas:custMaterialNumber>
            <bas:countryOfOrigin>US</bas:countryOfOrigin>
            <bas:classifications>
                <bas:classification type="EH_SGK">FLC</bas:classification>
            </bas:classifications>
            <bas:quantity unit="PC" isoUnit="PCE">1</bas:quantity>
            <bas:texts>
                <bas:shortDescription language="en">Micropilot FMR63B</bas:shortDescription>
                <bas:longDescription language="en">Level, radar, contactless.
Premium device, 80GHz.
Hygienic.
Application: liquids, solids.
Integrated data memory.
:: High availability and accuracy.
:: Reliable measuring:
for changing medias, pressure,
temperatures, gas phases,
tanks with many obstacles.</bas:longDescription>
                <bas:configuration language="en">010: Approval:&#13;
     CD:  CSA C/US XP Cl.I Div.1 Gr.A-D, Cl.II,III Div.1 Gr.E-G, Cl.I Div.2 Gr.A-D, Cl.I zone 0/1, AEx, Ex db IIC T6 Ga/Gb&#13;
020: Output:&#13;
     BA: 2-wire 4-20mA HART&#13;
030: Display; Operation:&#13;
     D: Segment display w/o buttons + Bluetooth&#13;
040: Housing; Material:&#13;
     B: Single compartment; Alu, coated&#13;
050: Electrical Connection:&#13;
     H: Thread NPT1/2, IP66/68 NEMA Type 4X/6P&#13;
060: Application:&#13;
     J:  Process temperature -40…150oC/ -40...302oF&#13;
070: Antenna:&#13;
     GN: Cladded flush mount, PTFE, 80mm/3"&#13;
105: Process Connection, Sealing Surface:&#13;
     TA: Clamp/Tri-Clamp&#13;
110: Process Connection:&#13;
     3HK:  Tri-Clamp ISO2852 DN101.6 (4"), DIN32676 DN100, PTFE&gt;316L, NA-CONNECT compatible&#13;
200: Seal:&#13;
     B: PTFE cladded&#13;
540: &gt;&gt;Application Package:&#13;
     EH: Heartbeat Verification + Monitoring&#13;
</bas:configuration>
            </bas:texts>
            <bas:configXml itemXml="%3C%3Fxml+version%3D%221.0%22+encoding%3D%22ISO-8859-1%22%3F%3E%3CCONFIGURATION+CLIENT%3D%22000%22+CHECK_TYPE%3D%22FROM_OK%22+LANGUAGE%3D%22E%22+LANGUAGE_ISO%3D%22EN%22+KUNNR%3D%22%22+IKA_PRICE_DATE%3D%22%22+GRP_TYPE%3D%22XE%22+IKA_NUMBER%3D%22%22+PRICE_LIST_TEXT%3D%22%22+UKURS%3D%221.0%22+WAERK%3D%22EUR%22+PRODCURR%3D%22EUR%22+VKORG%3D%224600%22+CRMsales_org%3D%224600%22+r3sales_org%3D%224600%22+VTWEG%3D%2204%22+PRICE_DATE%3D%22%22+NAME%3D%22+%22+KBNAME%3D%22FMR63B%22+KBBUILD%3D%221%22+KBVERSION%3D%22200.0%22+KBPROFILE%3D%22FMR63B%22+ROOT_NR%3D%221%22+SCEVERSION%3D%224.0+SP12%22+CONSISTENT%3D%22T%22+COMPLETE%3D%22T%22+CFGINFO%3D%22VCOND%3DVARCOND_RESULT%22%3E%3CMETA_INF+VERSION%3D%221.5%22+MODE%3D%22MSA%22%2F%3E%3CINST+IDENT%3D%22FMR63B-9XA0%2F0%22+ORDER_CODE%3D%22FMR63B-9XA0%2F0%22+ZZAPS%3D%22X%22+IDENT2CHECK%3D%22%22+ORDER_CODE_LONG%3D%22FMR63B-CDBADBHJGNTA3HKB%2BEH%22+FAMILY_ROOT%3D%22FMR63B%22+KZKFG%3D%22X%22+OBJ_KEY%3D%22000000000071524852%22+ALTERN%3D%22%22+ALTERN_ME%3D%22%22+QTY%3D%221%22+UNIT%3D%22ST%22+COMPLETE%3D%22T%22+CONF_COMPLETE%3D%22T%22+PRICE_DATE%3D%22%22+POSNR%3D%22%22+OBJ_TXT%3D%22Micropilot+FMR63B%22+net_sales_price%3D%220%22+list_sales_price%3D%220%22+NETWR%3D%220%22+SALES_CURR%3D%22EUR%22+list_purchase_price%3D%220%22+net_purchase_price%3D%220%22+PURWR%3D%220%22+PURCHASES_CURR%3D%22EUR%22+PLIFZ%3D%225%22+user_plifz%3D%225%22+deltime_on_request%3D%22F%22+plifz_unit%3D%22D%22+SALES_GROUP_KEY%3D%22FLC%22+SALES_GROUP_TXT%3D%22Radar%2C+Transmitter+Compact%22+ZZPRBU%3D%220015%22+ZZDISPBU%3D%220015%22+ON_REQUEST%3D%22FALSE%22+CONSISTENT%3D%22T%22+NR%3D%221%22+OBJ_TYPE%3D%22MARA%22+CLASS_TYPE%3D%22300%22+AUTHOR%3D%225%22%3E%3CLONG_TXT%3E%3CTXT_LINE+NR%3D%220%22+LINE%3D%22Level%2C+radar%2C+contactless.%22%2F%3E%3CTXT_LINE+NR%3D%221%22+LINE%3D%22Premium+device%2C+80GHz.%22%2F%3E%3CTXT_LINE+NR%3D%222%22+LINE%3D%22Hygienic.%22%2F%3E%3CTXT_LINE+NR%3D%223%22+LINE%3D%22Application%3A+liquids%2C+solids.%22%2F%3E%3CTXT_LINE+NR%3D%224%22+LINE%3D%22Integrated+data+memory.%22%2F%3E%3CTXT_LINE+NR%3D%225%22+LINE%3D%22%3A%3A+High+availability+and+accuracy.%22%2F%3E%3CTXT_LINE+NR%3D%226%22+LINE%3D%22%3A%3A+Reliable+measuring%3A%22%2F%3E%3CTXT_LINE+NR%3D%227%22+LINE%3D%22for+changing+medias%2C+pressure%2C%22%2F%3E%3CTXT_LINE+NR%3D%228%22+LINE%3D%22temperatures%2C+gas+phases%2C%22%2F%3E%3CTXT_LINE+NR%3D%229%22+LINE%3D%22tanks+with+many+obstacles.%22%2F%3E%3C%2FLONG_TXT%3E%3CPRICE_INFO%3E%3CPricing+sales_price%3D%220%22+sales_curr%3D%22%22+net_sales_price%3D%220%22+purchase_price%3D%220%22+net_purchase_price%3D%220%22+purchase_curr%3D%22%22%2F%3E%3C%2FPRICE_INFO%3E%3CCSTICS%3E%3CCSTIC+CHARC%3D%22FMR63B_010%22+VALUE%3D%22CD%22+AUTHOR%3D%22+%22+CHARC_TXT%3D%22Approval%3A%22+VALUE_TXT%3D%22+CSA+C%2FUS+XP+Cl.I+Div.1+Gr.A-D%2C+Cl.II%2CIII+Div.1+Gr.E-G%2C+Cl.I+Div.2+Gr.A-D%2C+Cl.I+zone+0%2F1%2C+AEx%2C+Ex+db+IIC+T6+Ga%2FGb%22+VALUE_TXT_URLENC%3D%22%2BCSA%2BC%252FUS%2BXP%2BCl.I%2BDiv.1%2BGr.A-D%252C%2BCl.II%252CIII%2BDiv.1%2BGr.E-G%252C%2BCl.I%2BDiv.2%2BGr.A-D%252C%2BCl.I%2Bzone%2B0%252F1%252C%2BAEx%252C%2BEx%2Bdb%2BIIC%2BT6%2BGa%252FGb%22+MANDATORY%3D%22TRUE%22+ATFLV%3D%220.00%22+L_UNIT%3D%22%22+L_FACTOR%3D%220.00%22+KZAUS%3D%22%22+SALESCONDITION%3D%22%22+SALESCURRENCY%3D%22EUR%22+MANUALSALES%3D%22FALSE%22+KBETR%3D%220%22+ISY9%3D%22FALSE%22+PURCHASECONDITION%3D%22%22+PURCHASECURRENCY%3D%22EUR%22+MANUALPURCHASE%3D%22FALSE%22+KBETRP%3D%220%22+ISY9P%3D%22FALSE%22+INVISIBLE%3D%22F%22%2F%3E%3CCSTIC+CHARC%3D%22VARCOND_RESULT%22+VALUE%3D%22FMR63B_010_CD%22+AUTHOR%3D%226%22+VALUE_TXT%3D%22FMR63B_010_CD%22+INVISIBLE%3D%22T%22%2F%3E%3CCSTIC+CHARC%3D%22FMR63B_020%22+VALUE%3D%22BA%22+AUTHOR%3D%22+%22+CHARC_TXT%3D%22Output%3A%22+VALUE_TXT%3D%222-wire+4-20mA+HART%22+VALUE_TXT_URLENC%3D%222-wire%2B4-20mA%2BHART%22+MANDATORY%3D%22TRUE%22+ATFLV%3D%220.00%22+L_UNIT%3D%22%22+L_FACTOR%3D%220.00%22+KZAUS%3D%22%22+SALESCONDITION%3D%22%22+SALESCURRENCY%3D%22EUR%22+MANUALSALES%3D%22FALSE%22+KBETR%3D%220%22+ISY9%3D%22FALSE%22+PURCHASECONDITION%3D%22%22+PURCHASECURRENCY%3D%22EUR%22+MANUALPURCHASE%3D%22FALSE%22+KBETRP%3D%220%22+ISY9P%3D%22FALSE%22+INVISIBLE%3D%22F%22%2F%3E%3CCSTIC+CHARC%3D%22VARCOND_RESULT%22+VALUE%3D%22FMR63B_020_BA%22+AUTHOR%3D%226%22+VALUE_TXT%3D%22FMR63B_020_BA%22+INVISIBLE%3D%22T%22%2F%3E%3CCSTIC+CHARC%3D%22FMR63B_030%22+VALUE%3D%22D%22+AUTHOR%3D%22+%22+CHARC_TXT%3D%22Display%3B+Operation%3A%22+VALUE_TXT%3D%22Segment+display+w%2Fo+buttons+%2B+Bluetooth%22+VALUE_TXT_URLENC%3D%22Segment%2Bdisplay%2Bw%252Fo%2Bbuttons%2B%252B%2BBluetooth%22+MANDATORY%3D%22TRUE%22+ATFLV%3D%220.00%22+L_UNIT%3D%22%22+L_FACTOR%3D%220.00%22+KZAUS%3D%22%22+SALESCONDITION%3D%22%22+SALESCURRENCY%3D%22EUR%22+MANUALSALES%3D%22FALSE%22+KBETR%3D%220%22+ISY9%3D%22FALSE%22+PURCHASECONDITION%3D%22%22+PURCHASECURRENCY%3D%22EUR%22+MANUALPURCHASE%3D%22FALSE%22+KBETRP%3D%220%22+ISY9P%3D%22FALSE%22+INVISIBLE%3D%22F%22%2F%3E%3CCSTIC+CHARC%3D%22VARCOND_RESULT%22+VALUE%3D%22FMR63B_030_D%22+AUTHOR%3D%226%22+VALUE_TXT%3D%22FMR63B_030_D%22+INVISIBLE%3D%22T%22%2F%3E%3CCSTIC+CHARC%3D%22FMR63B_040%22+VALUE%3D%22B%22+AUTHOR%3D%22+%22+CHARC_TXT%3D%22Housing%3B+Material%3A%22+VALUE_TXT%3D%22Single+compartment%3B+Alu%2C+coated%22+VALUE_TXT_URLENC%3D%22Single%2Bcompartment%253B%2BAlu%252C%2Bcoated%22+MANDATORY%3D%22TRUE%22+ATFLV%3D%220.00%22+L_UNIT%3D%22%22+L_FACTOR%3D%220.00%22+KZAUS%3D%22%22+SALESCONDITION%3D%22%22+SALESCURRENCY%3D%22EUR%22+MANUALSALES%3D%22FALSE%22+KBETR%3D%220%22+ISY9%3D%22FALSE%22+PURCHASECONDITION%3D%22%22+PURCHASECURRENCY%3D%22EUR%22+MANUALPURCHASE%3D%22FALSE%22+KBETRP%3D%220%22+ISY9P%3D%22FALSE%22+INVISIBLE%3D%22F%22%2F%3E%3CCSTIC+CHARC%3D%22VARCOND_RESULT%22+VALUE%3D%22FMR63B_040_B%22+AUTHOR%3D%226%22+VALUE_TXT%3D%22FMR63B_040_B%22+INVISIBLE%3D%22T%22%2F%3E%3CCSTIC+CHARC%3D%22FMR63B_050%22+VALUE%3D%22H%22+AUTHOR%3D%22+%22+CHARC_TXT%3D%22Electrical+Connection%3A%22+VALUE_TXT%3D%22Thread+NPT1%2F2%2C+IP66%2F68+NEMA+Type+4X%2F6P%22+VALUE_TXT_URLENC%3D%22Thread%2BNPT1%252F2%252C%2BIP66%252F68%2BNEMA%2BType%2B4X%252F6P%22+MANDATORY%3D%22TRUE%22+ATFLV%3D%220.00%22+L_UNIT%3D%22%22+L_FACTOR%3D%220.00%22+KZAUS%3D%22%22+SALESCONDITION%3D%22%22+SALESCURRENCY%3D%22EUR%22+MANUALSALES%3D%22FALSE%22+KBETR%3D%220%22+ISY9%3D%22FALSE%22+PURCHASECONDITION%3D%22%22+PURCHASECURRENCY%3D%22EUR%22+MANUALPURCHASE%3D%22FALSE%22+KBETRP%3D%220%22+ISY9P%3D%22FALSE%22+INVISIBLE%3D%22F%22%2F%3E%3CCSTIC+CHARC%3D%22VARCOND_RESULT%22+VALUE%3D%22FMR63B_050_H%22+AUTHOR%3D%226%22+VALUE_TXT%3D%22FMR63B_050_H%22+INVISIBLE%3D%22T%22%2F%3E%3CCSTIC+CHARC%3D%22FMR63B_060%22+VALUE%3D%22J%22+AUTHOR%3D%22+%22+CHARC_TXT%3D%22Application%3A%22+VALUE_TXT%3D%22+Process+temperature+-40%E2%80%A6150oC%2F+-40...302oF%22+VALUE_TXT_URLENC%3D%22%2BProcess%2Btemperature%2B-40%25E2%2580%25A6150oC%252F%2B-40...302oF%22+MANDATORY%3D%22TRUE%22+ATFLV%3D%220.00%22+L_UNIT%3D%22%22+L_FACTOR%3D%220.00%22+KZAUS%3D%22%22+SALESCONDITION%3D%22%22+SALESCURRENCY%3D%22EUR%22+MANUALSALES%3D%22FALSE%22+KBETR%3D%220%22+ISY9%3D%22FALSE%22+PURCHASECONDITION%3D%22%22+PURCHASECURRENCY%3D%22EUR%22+MANUALPURCHASE%3D%22FALSE%22+KBETRP%3D%220%22+ISY9P%3D%22FALSE%22+INVISIBLE%3D%22F%22%2F%3E%3CCSTIC+CHARC%3D%22VARCOND_RESULT%22+VALUE%3D%22FMR63B_060_J%22+AUTHOR%3D%226%22+VALUE_TXT%3D%22FMR63B_060_J%22+INVISIBLE%3D%22T%22%2F%3E%3CCSTIC+CHARC%3D%22FMR63B_070%22+VALUE%3D%22GN%22+AUTHOR%3D%22+%22+CHARC_TXT%3D%22Antenna%3A%22+VALUE_TXT%3D%22Cladded+flush+mount%2C+PTFE%2C+80mm%2F3%27%27%22+VALUE_TXT_URLENC%3D%22Cladded%2Bflush%2Bmount%252C%2BPTFE%252C%2B80mm%252F3%2522%22+MANDATORY%3D%22TRUE%22+ATFLV%3D%220.00%22+L_UNIT%3D%22%22+L_FACTOR%3D%220.00%22+KZAUS%3D%22%22+SALESCONDITION%3D%22%22+SALESCURRENCY%3D%22EUR%22+MANUALSALES%3D%22FALSE%22+KBETR%3D%220%22+ISY9%3D%22FALSE%22+PURCHASECONDITION%3D%22%22+PURCHASECURRENCY%3D%22EUR%22+MANUALPURCHASE%3D%22FALSE%22+KBETRP%3D%220%22+ISY9P%3D%22FALSE%22+INVISIBLE%3D%22F%22%2F%3E%3CCSTIC+CHARC%3D%22VARCOND_RESULT%22+VALUE%3D%22FMR63B_070_GN%22+AUTHOR%3D%226%22+VALUE_TXT%3D%22FMR63B_070_GN%22+INVISIBLE%3D%22T%22%2F%3E%3CCSTIC+CHARC%3D%22FMR63B_105%22+VALUE%3D%22TA%22+AUTHOR%3D%22+%22+CHARC_TXT%3D%22Process+Connection%2C+Sealing+Surface%3A%22+VALUE_TXT%3D%22Clamp%2FTri-Clamp%22+VALUE_TXT_URLENC%3D%22Clamp%252FTri-Clamp%22+MANDATORY%3D%22TRUE%22+ATFLV%3D%220.00%22+L_UNIT%3D%22%22+L_FACTOR%3D%220.00%22+KZAUS%3D%22%22+SALESCONDITION%3D%22%22+SALESCURRENCY%3D%22EUR%22+MANUALSALES%3D%22FALSE%22+KBETR%3D%220%22+ISY9%3D%22FALSE%22+PURCHASECONDITION%3D%22%22+PURCHASECURRENCY%3D%22EUR%22+MANUALPURCHASE%3D%22FALSE%22+KBETRP%3D%220%22+ISY9P%3D%22FALSE%22+INVISIBLE%3D%22F%22%2F%3E%3CCSTIC+CHARC%3D%22VARCOND_RESULT%22+VALUE%3D%22FMR63B_105_TA%22+AUTHOR%3D%226%22+VALUE_TXT%3D%22FMR63B_105_TA%22+INVISIBLE%3D%22T%22%2F%3E%3CCSTIC+CHARC%3D%22FMR63B_110%22+VALUE%3D%223HK%22+AUTHOR%3D%22+%22+CHARC_TXT%3D%22Process+Connection%3A%22+VALUE_TXT%3D%22+Tri-Clamp+ISO2852+DN101.6+%284%27%27%29%2C+DIN32676+DN100%2C+PTFE%26gt%3B316L%2C+NA-CONNECT+compatible%22+VALUE_TXT_URLENC%3D%22%2BTri-Clamp%2BISO2852%2BDN101.6%2B%25284%2522%2529%252C%2BDIN32676%2BDN100%252C%2BPTFE%253E316L%252C%2BNA-CONNECT%2Bcompatible%22+MANDATORY%3D%22TRUE%22+ATFLV%3D%220.00%22+L_UNIT%3D%22%22+L_FACTOR%3D%220.00%22+KZAUS%3D%22%22+SALESCONDITION%3D%22%22+SALESCURRENCY%3D%22EUR%22+MANUALSALES%3D%22FALSE%22+KBETR%3D%220%22+ISY9%3D%22FALSE%22+PURCHASECONDITION%3D%22%22+PURCHASECURRENCY%3D%22EUR%22+MANUALPURCHASE%3D%22FALSE%22+KBETRP%3D%220%22+ISY9P%3D%22FALSE%22+INVISIBLE%3D%22F%22%2F%3E%3CCSTIC+CHARC%3D%22VARCOND_RESULT%22+VALUE%3D%22FMR63B_110_3HK%22+AUTHOR%3D%226%22+VALUE_TXT%3D%22FMR63B_110_3HK%22+INVISIBLE%3D%22T%22%2F%3E%3CCSTIC+CHARC%3D%22FMR63B_200%22+VALUE%3D%22B%22+AUTHOR%3D%22+%22+CHARC_TXT%3D%22Seal%3A%22+VALUE_TXT%3D%22PTFE+cladded%22+VALUE_TXT_URLENC%3D%22PTFE%2Bcladded%22+MANDATORY%3D%22TRUE%22+ATFLV%3D%220.00%22+L_UNIT%3D%22%22+L_FACTOR%3D%220.00%22+KZAUS%3D%22%22+SALESCONDITION%3D%22%22+SALESCURRENCY%3D%22EUR%22+MANUALSALES%3D%22FALSE%22+KBETR%3D%220%22+ISY9%3D%22FALSE%22+PURCHASECONDITION%3D%22%22+PURCHASECURRENCY%3D%22EUR%22+MANUALPURCHASE%3D%22FALSE%22+KBETRP%3D%220%22+ISY9P%3D%22FALSE%22+INVISIBLE%3D%22F%22%2F%3E%3CCSTIC+CHARC%3D%22VARCOND_RESULT%22+VALUE%3D%22FMR63B_200_B%22+AUTHOR%3D%226%22+VALUE_TXT%3D%22FMR63B_200_B%22+INVISIBLE%3D%22T%22%2F%3E%3CCSTIC+CHARC%3D%22FMR63B_540%22+VALUE%3D%22EH%22+AUTHOR%3D%22+%22+CHARC_TXT%3D%22%26gt%3B%26gt%3BApplication+Package%3A%22+VALUE_TXT%3D%22Heartbeat+Verification+%2B+Monitoring%22+VALUE_TXT_URLENC%3D%22Heartbeat%2BVerification%2B%252B%2BMonitoring%22+MANDATORY%3D%22FALSE%22+ATFLV%3D%220.00%22+L_UNIT%3D%22%22+L_FACTOR%3D%220.00%22+KZAUS%3D%22%22+SALESCONDITION%3D%22%22+SALESCURRENCY%3D%22EUR%22+MANUALSALES%3D%22FALSE%22+KBETR%3D%220%22+ISY9%3D%22FALSE%22+PURCHASECONDITION%3D%22%22+PURCHASECURRENCY%3D%22EUR%22+MANUALPURCHASE%3D%22FALSE%22+KBETRP%3D%220%22+ISY9P%3D%22FALSE%22+INVISIBLE%3D%22F%22%2F%3E%3CCSTIC+CHARC%3D%22VARCOND_RESULT%22+VALUE%3D%22FMR63B_540_EH%22+AUTHOR%3D%226%22+VALUE_TXT%3D%22FMR63B_540_EH%22+INVISIBLE%3D%22T%22%2F%3E%3C%2FCSTICS%3E%3CPKEYS%3E%3CPKEY+KEY%3D%22FMR63B_010_CD%22+FACTOR%3D%221%22%2F%3E%3CPKEY+KEY%3D%22FMR63B_020_BA%22+FACTOR%3D%221%22%2F%3E%3CPKEY+KEY%3D%22FMR63B_030_D%22+FACTOR%3D%221%22%2F%3E%3CPKEY+KEY%3D%22FMR63B_040_B%22+FACTOR%3D%221%22%2F%3E%3CPKEY+KEY%3D%22FMR63B_050_H%22+FACTOR%3D%221%22%2F%3E%3CPKEY+KEY%3D%22FMR63B_060_J%22+FACTOR%3D%221%22%2F%3E%3CPKEY+KEY%3D%22FMR63B_070_GN%22+FACTOR%3D%221%22%2F%3E%3CPKEY+KEY%3D%22FMR63B_105_TA%22+FACTOR%3D%221%22%2F%3E%3CPKEY+KEY%3D%22FMR63B_110_3HK%22+FACTOR%3D%221%22%2F%3E%3CPKEY+KEY%3D%22FMR63B_200_B%22+FACTOR%3D%221%22%2F%3E%3CPKEY+KEY%3D%22FMR63B_540_EH%22+FACTOR%3D%221%22%2F%3E%3C%2FPKEYS%3E%3C%2FINST%3E%3Cadditional_fields%3E%3Cfield+field_name%3D%22PLATFORM%22+field_value%3D%22NEBP%22%2F%3E%3Cfield+field_name%3D%22SALESORG%22+field_value%3D%224600%22%2F%3E%3Cfield+field_name%3D%22NUMBERPREFIX%22+field_value%3D%22e%22%2F%3E%3C%2Fadditional_fields%3E%3CTSP_FIELDS+TSPVERSION%3D%22V21%22%2F%3E%3CCONFIGURATION_URL%3E%253CCONFIGURATION%2BITEMXMLVERSION%253D%25222.0%2522%253E%253CGENERAL%2BVALID%253D%2522true%2522%2BCHANGED%253D%2522false%2522%2BAPS%253D%2522true%2522%2BENVIRONMENT%253D%2522P%2522%253E%253CCONFVERSION%253EEhConfigurator%2B-%2B06.00.285%2B-%2B%253C%252FCONFVERSION%253E%253CPLATFORM%253ENEBP%253C%252FPLATFORM%253E%253CSYSTEM%253ENEB%253C%252FSYSTEM%253E%253CCLIENT%253E042%253C%252FCLIENT%253E%253CSALESORG%253E4600%253C%252FSALESORG%253E%253CUSER%253Ee%253C%252FUSER%253E%253CDATALANG%253EEN%253C%252FDATALANG%253E%253CUILANG%253EEN%253C%252FUILANG%253E%253CORDERCODE%253EFMR63B-9XA0%252F0%253C%252FORDERCODE%253E%253CORDERCODE_LONG%253EFMR63B-CDBADBHJGNTA3HKB%252BEH%253C%252FORDERCODE_LONG%253E%253CCUSTOMER%252F%253E%253CQUANTITY%253E1.000%253C%252FQUANTITY%253E%253CUNIT_URL%253EST%253C%252FUNIT_URL%253E%253CPRODTIMELEVEL%253EPRODTIME%253C%252FPRODTIMELEVEL%253E%253CTOTALPRODTIME%253E5%253C%252FTOTALPRODTIME%253E%253CVALIDATION%253E%253CVALIDATE_CFG_OPTION_MANDATORY%253Etrue%253C%252FVALIDATE_CFG_OPTION_MANDATORY%253E%253CVALIDATE_CFG_OPTION_NOT_FOUND%253Etrue%253C%252FVALIDATE_CFG_OPTION_NOT_FOUND%253E%253CVALIDATE_CFG_OPTION_EXCL%253Etrue%253C%252FVALIDATE_CFG_OPTION_EXCL%253E%253CVALIDATE_CFG_OPTION_INCLUSIONS%253Etrue%253C%252FVALIDATE_CFG_OPTION_INCLUSIONS%253E%253CVALIDATE_CFG_LENGTH%253Etrue%253C%252FVALIDATE_CFG_LENGTH%253E%253CVALIDATE_SIGN_OPTION_NOT_FOUND%253Etrue%253C%252FVALIDATE_SIGN_OPTION_NOT_FOUND%253E%253CVALIDATE_SIGN_MAT_NOT_FOUND%253Etrue%253C%252FVALIDATE_SIGN_MAT_NOT_FOUND%253E%253CVALIDATE_SIGN_MAT_MANDATORY%253Etrue%253C%252FVALIDATE_SIGN_MAT_MANDATORY%253E%253CVALIDATE_SIGN_MAT_EXCL%253Etrue%253C%252FVALIDATE_SIGN_MAT_EXCL%253E%253CVALIDATE_SIGN_TEXT_MANDATORY%253Etrue%253C%252FVALIDATE_SIGN_TEXT_MANDATORY%253E%253CVALIDATE_SIGN_CORRECT_QUANTITY%253Etrue%253C%252FVALIDATE_SIGN_CORRECT_QUANTITY%253E%253CVALIDATE_TSP_OPTION_NOT_FOUND%253Etrue%253C%252FVALIDATE_TSP_OPTION_NOT_FOUND%253E%253CVALIDATE_TSP_MAT_NOT_FOUND%253Etrue%253C%252FVALIDATE_TSP_MAT_NOT_FOUND%253E%253CVALIDATE_TSP_MAT_MANDATORY%253Etrue%253C%252FVALIDATE_TSP_MAT_MANDATORY%253E%253CVALIDATE_TSP_MAT_EXCL%253Etrue%253C%252FVALIDATE_TSP_MAT_EXCL%253E%253CVALIDATE_TSP_MODIF_NOT_FOUND%253Etrue%253C%252FVALIDATE_TSP_MODIF_NOT_FOUND%253E%253CVALIDATE_TSP_MODIF_MANDATORY%253Etrue%253C%252FVALIDATE_TSP_MODIF_MANDATORY%253E%253CVALIDATE_TSP_MODIF_INCLUSION%253Etrue%253C%252FVALIDATE_TSP_MODIF_INCLUSION%253E%253CVALIDATE_TSP_MODIF_FIELD%253Etrue%253C%252FVALIDATE_TSP_MODIF_FIELD%253E%253CVALIDATE_TSP_MODIF_DATE%253Etrue%253C%252FVALIDATE_TSP_MODIF_DATE%253E%253CTSPVERSION%253EV21%253C%252FTSPVERSION%253E%253CVALIDATE_MRU_ALT%253Etrue%253C%252FVALIDATE_MRU_ALT%253E%253CVALIDATE_MRU_OPTION_NOT_FOUND%253Etrue%253C%252FVALIDATE_MRU_OPTION_NOT_FOUND%253E%253CVALIDATE_MRU_FIELD_NOT_FOUND%253Etrue%253C%252FVALIDATE_MRU_FIELD_NOT_FOUND%253E%253CVALIDATE_MRU_FIELD%253Etrue%253C%252FVALIDATE_MRU_FIELD%253E%253CVALIDATE_MRU_FORMULA%253Etrue%253C%252FVALIDATE_MRU_FORMULA%253E%253C%252FVALIDATION%253E%253C%252FGENERAL%253E%253CCFG%2BVALID%253D%2522true%2522%2BCHANGED%253D%2522false%2522%2BTYPEMATNR%253D%2522%2522%2BMATNR%253D%252271524852%2522%2BROOT%253D%2522FMR63B%2522%2BPRODH_URL%253D%2522Radar%25252C%252BTransmitter%252BCompact%2522%2BSPK%253D%2522FLC%2522%2BCONFIGURABLE%253D%2522true%2522%253E%253CSHORTTEXT_URL%253EMicropilot%252BFMR63B%253C%252FSHORTTEXT_URL%253E%253CLONGTEXT%253E%253CLINE_URL%253ELevel%25252C%252Bradar%25252C%252Bcontactless.%253C%252FLINE_URL%253E%253CLINE_URL%253EPremium%252Bdevice%25252C%252B80GHz.%253C%252FLINE_URL%253E%253CLINE_URL%253EHygienic.%253C%252FLINE_URL%253E%253CLINE_URL%253EApplication%25253A%252Bliquids%25252C%252Bsolids.%253C%252FLINE_URL%253E%253CLINE_URL%253EIntegrated%252Bdata%252Bmemory.%253C%252FLINE_URL%253E%253CLINE_URL%253E%25253A%25253A%252BHigh%252Bavailability%252Band%252Baccuracy.%253C%252FLINE_URL%253E%253CLINE_URL%253E%25253A%25253A%252BReliable%252Bmeasuring%25253A%253C%252FLINE_URL%253E%253CLINE_URL%253Efor%252Bchanging%252Bmedias%25252C%252Bpressure%25252C%253C%252FLINE_URL%253E%253CLINE_URL%253Etemperatures%25252C%252Bgas%252Bphases%25252C%253C%252FLINE_URL%253E%253CLINE_URL%253Etanks%252Bwith%252Bmany%252Bobstacles.%253C%252FLINE_URL%253E%253C%252FLONGTEXT%253E%253CFEATURES%253E%253CFEATURE%2BID%253D%2522FMR63B_010%2522%253E%253CTEXT_URL%253EApproval%25253A%253C%252FTEXT_URL%253E%253COPTIONS%253E%253COPTION%2BID%253D%2522CD%2522%253E%253CTEXT_URL%253E%252BCSA%252BC%25252FUS%252BXP%252BCl.I%252BDiv.1%252BGr.A-D%25252C%252BCl.II%25252CIII%252BDiv.1%252BGr.E-G%25252C%252BCl.I%252BDiv.2%252BGr.A-D%25252C%252BCl.I%252Bzone%252B0%25252F1%25252C%252BAEx%25252C%252BEx%252Bdb%252BIIC%252BT6%252BGa%25252FGb%253C%252FTEXT_URL%253E%253C%252FOPTION%253E%253C%252FOPTIONS%253E%253C%252FFEATURE%253E%253CFEATURE%2BID%253D%2522FMR63B_020%2522%253E%253CTEXT_URL%253EOutput%25253A%253C%252FTEXT_URL%253E%253COPTIONS%253E%253COPTION%2BID%253D%2522BA%2522%253E%253CTEXT_URL%253E2-wire%252B4-20mA%252BHART%253C%252FTEXT_URL%253E%253C%252FOPTION%253E%253C%252FOPTIONS%253E%253C%252FFEATURE%253E%253CFEATURE%2BID%253D%2522FMR63B_030%2522%253E%253CTEXT_URL%253EDisplay%25253B%252BOperation%25253A%253C%252FTEXT_URL%253E%253COPTIONS%253E%253COPTION%2BID%253D%2522D%2522%253E%253CTEXT_URL%253ESegment%252Bdisplay%252Bw%25252Fo%252Bbuttons%252B%25252B%252BBluetooth%253C%252FTEXT_URL%253E%253C%252FOPTION%253E%253C%252FOPTIONS%253E%253C%252FFEATURE%253E%253CFEATURE%2BID%253D%2522FMR63B_040%2522%253E%253CTEXT_URL%253EHousing%25253B%252BMaterial%25253A%253C%252FTEXT_URL%253E%253COPTIONS%253E%253COPTION%2BID%253D%2522B%2522%253E%253CTEXT_URL%253ESingle%252Bcompartment%25253B%252BAlu%25252C%252Bcoated%253C%252FTEXT_URL%253E%253C%252FOPTION%253E%253C%252FOPTIONS%253E%253C%252FFEATURE%253E%253CFEATURE%2BID%253D%2522FMR63B_050%2522%253E%253CTEXT_URL%253EElectrical%252BConnection%25253A%253C%252FTEXT_URL%253E%253COPTIONS%253E%253COPTION%2BID%253D%2522H%2522%253E%253CTEXT_URL%253EThread%252BNPT1%25252F2%25252C%252BIP66%25252F68%252BNEMA%252BType%252B4X%25252F6P%253C%252FTEXT_URL%253E%253C%252FOPTION%253E%253C%252FOPTIONS%253E%253C%252FFEATURE%253E%253CFEATURE%2BID%253D%2522FMR63B_060%2522%253E%253CTEXT_URL%253EApplication%25253A%253C%252FTEXT_URL%253E%253COPTIONS%253E%253COPTION%2BID%253D%2522J%2522%253E%253CTEXT_URL%253E%252BProcess%252Btemperature%252B-40%2525E2%252580%2525A6150oC%25252F%252B-40...302oF%253C%252FTEXT_URL%253E%253C%252FOPTION%253E%253C%252FOPTIONS%253E%253C%252FFEATURE%253E%253CFEATURE%2BID%253D%2522FMR63B_070%2522%253E%253CTEXT_URL%253EAntenna%25253A%253C%252FTEXT_URL%253E%253COPTIONS%253E%253COPTION%2BID%253D%2522GN%2522%253E%253CTEXT_URL%253ECladded%252Bflush%252Bmount%25252C%252BPTFE%25252C%252B80mm%25252F3%252522%253C%252FTEXT_URL%253E%253CMODFUNS%253E%253CMODFUN%2BMOD%253D%2522MRU%2522%2BFUN%253D%2522PVALUE%2522%252F%253E%253C%252FMODFUNS%253E%253C%252FOPTION%253E%253C%252FOPTIONS%253E%253C%252FFEATURE%253E%253CFEATURE%2BID%253D%2522FMR63B_105%2522%253E%253CTEXT_URL%253EProcess%252BConnection%25252C%252BSealing%252BSurface%25253A%253C%252FTEXT_URL%253E%253COPTIONS%253E%253COPTION%2BID%253D%2522TA%2522%253E%253CTEXT_URL%253EClamp%25252FTri-Clamp%253C%252FTEXT_URL%253E%253C%252FOPTION%253E%253C%252FOPTIONS%253E%253C%252FFEATURE%253E%253CFEATURE%2BID%253D%2522FMR63B_110%2522%253E%253CTEXT_URL%253EProcess%252BConnection%25253A%253C%252FTEXT_URL%253E%253COPTIONS%253E%253COPTION%2BID%253D%25223HK%2522%253E%253CTEXT_URL%253E%252BTri-Clamp%252BISO2852%252BDN101.6%252B%2525284%252522%252529%25252C%252BDIN32676%252BDN100%25252C%252BPTFE%25253E316L%25252C%252BNA-CONNECT%252Bcompatible%253C%252FTEXT_URL%253E%253C%252FOPTION%253E%253C%252FOPTIONS%253E%253C%252FFEATURE%253E%253CFEATURE%2BID%253D%2522FMR63B_200%2522%253E%253CTEXT_URL%253ESeal%25253A%253C%252FTEXT_URL%253E%253COPTIONS%253E%253COPTION%2BID%253D%2522B%2522%253E%253CTEXT_URL%253EPTFE%252Bcladded%253C%252FTEXT_URL%253E%253C%252FOPTION%253E%253C%252FOPTIONS%253E%253C%252FFEATURE%253E%253CFEATURE%2BID%253D%2522FMR63B_540%2522%253E%253CTEXT_URL%253E%25253E%25253EApplication%252BPackage%25253A%253C%252FTEXT_URL%253E%253COPTIONS%253E%253COPTION%2BID%253D%2522EH%2522%253E%253CTEXT_URL%253EHeartbeat%252BVerification%252B%25252B%252BMonitoring%253C%252FTEXT_URL%253E%253C%252FOPTION%253E%253C%252FOPTIONS%253E%253C%252FFEATURE%253E%253C%252FFEATURES%253E%253C%252FCFG%253E%253C%252FCONFIGURATION%253E%3C%2FCONFIGURATION_URL%3E%3C%2FCONFIGURATION%3E%0A"/>
        </bas:product>
        <bas:delivery onRequest="false">
            <bas:productionTime unit="" isoUnit="">5</bas:productionTime>
        </bas:delivery>
        <bas:itemPricing onRequest="false">
            <bas:priceUnit unit="PC">1</bas:priceUnit>
            <bas:unitSalesPrice currency="USD">4050.83</bas:unitSalesPrice>
            <bas:itemSalesPrice currency="USD">4050.83</bas:itemSalesPrice>
        </bas:itemPricing>
    </bas:item>
    <bas:item higherLevelItem="false">
        <bas:itemNo>000030</bas:itemNo>
        <bas:extItemId></bas:extItemId>
        <bas:product configurable="true">
            <bas:materialNo>71524847</bas:materialNo>
            <bas:orderCode>FMR60B-1JQQ7/0</bas:orderCode>
            <bas:orderCodeLong>FMR60B-CDBADBHHGAA3VEJD+EH</bas:orderCodeLong>
            <bas:ident>FMR60B-1JQQ7/0</bas:ident>
            <bas:custMaterialNumber></bas:custMaterialNumber>
            <bas:countryOfOrigin>US</bas:countryOfOrigin>
            <bas:classifications>
                <bas:classification type="EH_SGK">FLC</bas:classification>
            </bas:classifications>
            <bas:quantity unit="PC" isoUnit="PCE">1</bas:quantity>
            <bas:texts>
                <bas:shortDescription language="en">Micropilot FMR60B</bas:shortDescription>
                <bas:longDescription language="en">Level, radar, contactless.
Basic device, 80GHz.
Application: liquids.
:: High availability and accuracy.
:: Reliable measuring:
for changing medias, pressure,
temperatures, gas phases,
tanks with many obstacles,
tanks with small process connections.</bas:longDescription>
                <bas:configuration language="en">010: Approval:&#13;
     CD:  CSA C/US XP Cl.I Div.1 Gr.A-D, Cl.II,III Div.1 Gr.E-G, Cl.I Div.2 Gr.A-D, Cl.I zone 0/1, AEx, Ex db IIC T6 Ga/Gb&#13;
020: Output:&#13;
     BA: 2-wire 4-20mA HART&#13;
030: Display; Operation:&#13;
     D: Segment display w/o buttons + Bluetooth&#13;
040: Housing; Material:&#13;
     B: Single compartment; Alu, coated&#13;
050: Electrical Connection:&#13;
     H: Thread NPT1/2, IP66/68 NEMA Type 4X/6P&#13;
060: Application:&#13;
     H:  Process temperature -40…130oC/ -40...266oF&#13;
070: Antenna:&#13;
     GA: Drip-off, PTFE 50mm/2"&#13;
105: Process Connection, Sealing Surface:&#13;
     A3: Thread ASME B1.20.1, NPT&#13;
110: Process Connection:&#13;
     VEJ: MNPT1-1/2, 316L&#13;
200: Seal:&#13;
     D: FKM Viton GLT&#13;
540: &gt;&gt;Application Package:&#13;
     EH: Heartbeat Verification + Monitoring&#13;
</bas:configuration>
            </bas:texts>
            <bas:configXml itemXml="%3C%3Fxml+version%3D%221.0%22+encoding%3D%22ISO-8859-1%22%3F%3E%3CCONFIGURATION+CLIENT%3D%22000%22+CHECK_TYPE%3D%22FROM_OK%22+LANGUAGE%3D%22E%22+LANGUAGE_ISO%3D%22EN%22+KUNNR%3D%22%22+IKA_PRICE_DATE%3D%22%22+GRP_TYPE%3D%22XE%22+IKA_NUMBER%3D%22%22+PRICE_LIST_TEXT%3D%22%22+UKURS%3D%221.0%22+WAERK%3D%22EUR%22+PRODCURR%3D%22EUR%22+VKORG%3D%224600%22+CRMsales_org%3D%224600%22+r3sales_org%3D%224600%22+VTWEG%3D%2204%22+PRICE_DATE%3D%22%22+NAME%3D%22+%22+KBNAME%3D%22FMR60B%22+KBBUILD%3D%221%22+KBVERSION%3D%22200.0%22+KBPROFILE%3D%22FMR60B%22+ROOT_NR%3D%221%22+SCEVERSION%3D%224.0+SP12%22+CONSISTENT%3D%22T%22+COMPLETE%3D%22T%22+CFGINFO%3D%22VCOND%3DVARCOND_RESULT%22%3E%3CMETA_INF+VERSION%3D%221.5%22+MODE%3D%22MSA%22%2F%3E%3CINST+IDENT%3D%22FMR60B-1JQQ7%2F0%22+ORDER_CODE%3D%22FMR60B-1JQQ7%2F0%22+ZZAPS%3D%22X%22+IDENT2CHECK%3D%22%22+ORDER_CODE_LONG%3D%22FMR60B-CDBADBHHGAA3VEJD%2BEH%22+FAMILY_ROOT%3D%22FMR60B%22+KZKFG%3D%22X%22+OBJ_KEY%3D%22000000000071524847%22+ALTERN%3D%22%22+ALTERN_ME%3D%22%22+QTY%3D%221%22+UNIT%3D%22ST%22+COMPLETE%3D%22T%22+CONF_COMPLETE%3D%22T%22+PRICE_DATE%3D%22%22+POSNR%3D%22%22+OBJ_TXT%3D%22Micropilot+FMR60B%22+net_sales_price%3D%220%22+list_sales_price%3D%220%22+NETWR%3D%220%22+SALES_CURR%3D%22EUR%22+list_purchase_price%3D%220%22+net_purchase_price%3D%220%22+PURWR%3D%220%22+PURCHASES_CURR%3D%22EUR%22+PLIFZ%3D%223%22+user_plifz%3D%223%22+deltime_on_request%3D%22F%22+plifz_unit%3D%22D%22+SALES_GROUP_KEY%3D%22FLC%22+SALES_GROUP_TXT%3D%22Radar%2C+Transmitter+Compact%22+ZZPRBU%3D%220015%22+ZZDISPBU%3D%220015%22+ON_REQUEST%3D%22FALSE%22+CONSISTENT%3D%22T%22+NR%3D%221%22+OBJ_TYPE%3D%22MARA%22+CLASS_TYPE%3D%22300%22+AUTHOR%3D%225%22%3E%3CLONG_TXT%3E%3CTXT_LINE+NR%3D%220%22+LINE%3D%22Level%2C+radar%2C+contactless.%22%2F%3E%3CTXT_LINE+NR%3D%221%22+LINE%3D%22Basic+device%2C+80GHz.%22%2F%3E%3CTXT_LINE+NR%3D%222%22+LINE%3D%22Application%3A+liquids.%22%2F%3E%3CTXT_LINE+NR%3D%223%22+LINE%3D%22%3A%3A+High+availability+and+accuracy.%22%2F%3E%3CTXT_LINE+NR%3D%224%22+LINE%3D%22%3A%3A+Reliable+measuring%3A%22%2F%3E%3CTXT_LINE+NR%3D%225%22+LINE%3D%22for+changing+medias%2C+pressure%2C%22%2F%3E%3CTXT_LINE+NR%3D%226%22+LINE%3D%22temperatures%2C+gas+phases%2C%22%2F%3E%3CTXT_LINE+NR%3D%227%22+LINE%3D%22tanks+with+many+obstacles%2C%22%2F%3E%3CTXT_LINE+NR%3D%228%22+LINE%3D%22tanks+with+small+process+connections.%22%2F%3E%3C%2FLONG_TXT%3E%3CPRICE_INFO%3E%3CPricing+sales_price%3D%220%22+sales_curr%3D%22%22+net_sales_price%3D%220%22+purchase_price%3D%220%22+net_purchase_price%3D%220%22+purchase_curr%3D%22%22%2F%3E%3C%2FPRICE_INFO%3E%3CCSTICS%3E%3CCSTIC+CHARC%3D%22FMR60B_010%22+VALUE%3D%22CD%22+AUTHOR%3D%22+%22+CHARC_TXT%3D%22Approval%3A%22+VALUE_TXT%3D%22+CSA+C%2FUS+XP+Cl.I+Div.1+Gr.A-D%2C+Cl.II%2CIII+Div.1+Gr.E-G%2C+Cl.I+Div.2+Gr.A-D%2C+Cl.I+zone+0%2F1%2C+AEx%2C+Ex+db+IIC+T6+Ga%2FGb%22+VALUE_TXT_URLENC%3D%22%2BCSA%2BC%252FUS%2BXP%2BCl.I%2BDiv.1%2BGr.A-D%252C%2BCl.II%252CIII%2BDiv.1%2BGr.E-G%252C%2BCl.I%2BDiv.2%2BGr.A-D%252C%2BCl.I%2Bzone%2B0%252F1%252C%2BAEx%252C%2BEx%2Bdb%2BIIC%2BT6%2BGa%252FGb%22+MANDATORY%3D%22TRUE%22+ATFLV%3D%220.00%22+L_UNIT%3D%22%22+L_FACTOR%3D%220.00%22+KZAUS%3D%22%22+SALESCONDITION%3D%22%22+SALESCURRENCY%3D%22EUR%22+MANUALSALES%3D%22FALSE%22+KBETR%3D%220%22+ISY9%3D%22FALSE%22+PURCHASECONDITION%3D%22%22+PURCHASECURRENCY%3D%22EUR%22+MANUALPURCHASE%3D%22FALSE%22+KBETRP%3D%220%22+ISY9P%3D%22FALSE%22+INVISIBLE%3D%22F%22%2F%3E%3CCSTIC+CHARC%3D%22VARCOND_RESULT%22+VALUE%3D%22FMR60B_010_CD%22+AUTHOR%3D%226%22+VALUE_TXT%3D%22FMR60B_010_CD%22+INVISIBLE%3D%22T%22%2F%3E%3CCSTIC+CHARC%3D%22FMR60B_020%22+VALUE%3D%22BA%22+AUTHOR%3D%22+%22+CHARC_TXT%3D%22Output%3A%22+VALUE_TXT%3D%222-wire+4-20mA+HART%22+VALUE_TXT_URLENC%3D%222-wire%2B4-20mA%2BHART%22+MANDATORY%3D%22TRUE%22+ATFLV%3D%220.00%22+L_UNIT%3D%22%22+L_FACTOR%3D%220.00%22+KZAUS%3D%22%22+SALESCONDITION%3D%22%22+SALESCURRENCY%3D%22EUR%22+MANUALSALES%3D%22FALSE%22+KBETR%3D%220%22+ISY9%3D%22FALSE%22+PURCHASECONDITION%3D%22%22+PURCHASECURRENCY%3D%22EUR%22+MANUALPURCHASE%3D%22FALSE%22+KBETRP%3D%220%22+ISY9P%3D%22FALSE%22+INVISIBLE%3D%22F%22%2F%3E%3CCSTIC+CHARC%3D%22VARCOND_RESULT%22+VALUE%3D%22FMR60B_020_BA%22+AUTHOR%3D%226%22+VALUE_TXT%3D%22FMR60B_020_BA%22+INVISIBLE%3D%22T%22%2F%3E%3CCSTIC+CHARC%3D%22FMR60B_030%22+VALUE%3D%22D%22+AUTHOR%3D%22+%22+CHARC_TXT%3D%22Display%3B+Operation%3A%22+VALUE_TXT%3D%22Segment+display+w%2Fo+buttons+%2B+Bluetooth%22+VALUE_TXT_URLENC%3D%22Segment%2Bdisplay%2Bw%252Fo%2Bbuttons%2B%252B%2BBluetooth%22+MANDATORY%3D%22TRUE%22+ATFLV%3D%220.00%22+L_UNIT%3D%22%22+L_FACTOR%3D%220.00%22+KZAUS%3D%22%22+SALESCONDITION%3D%22%22+SALESCURRENCY%3D%22EUR%22+MANUALSALES%3D%22FALSE%22+KBETR%3D%220%22+ISY9%3D%22FALSE%22+PURCHASECONDITION%3D%22%22+PURCHASECURRENCY%3D%22EUR%22+MANUALPURCHASE%3D%22FALSE%22+KBETRP%3D%220%22+ISY9P%3D%22FALSE%22+INVISIBLE%3D%22F%22%2F%3E%3CCSTIC+CHARC%3D%22VARCOND_RESULT%22+VALUE%3D%22FMR60B_030_D%22+AUTHOR%3D%226%22+VALUE_TXT%3D%22FMR60B_030_D%22+INVISIBLE%3D%22T%22%2F%3E%3CCSTIC+CHARC%3D%22FMR60B_040%22+VALUE%3D%22B%22+AUTHOR%3D%22+%22+CHARC_TXT%3D%22Housing%3B+Material%3A%22+VALUE_TXT%3D%22Single+compartment%3B+Alu%2C+coated%22+VALUE_TXT_URLENC%3D%22Single%2Bcompartment%253B%2BAlu%252C%2Bcoated%22+MANDATORY%3D%22TRUE%22+ATFLV%3D%220.00%22+L_UNIT%3D%22%22+L_FACTOR%3D%220.00%22+KZAUS%3D%22%22+SALESCONDITION%3D%22%22+SALESCURRENCY%3D%22EUR%22+MANUALSALES%3D%22FALSE%22+KBETR%3D%220%22+ISY9%3D%22FALSE%22+PURCHASECONDITION%3D%22%22+PURCHASECURRENCY%3D%22EUR%22+MANUALPURCHASE%3D%22FALSE%22+KBETRP%3D%220%22+ISY9P%3D%22FALSE%22+INVISIBLE%3D%22F%22%2F%3E%3CCSTIC+CHARC%3D%22VARCOND_RESULT%22+VALUE%3D%22FMR60B_040_B%22+AUTHOR%3D%226%22+VALUE_TXT%3D%22FMR60B_040_B%22+INVISIBLE%3D%22T%22%2F%3E%3CCSTIC+CHARC%3D%22FMR60B_050%22+VALUE%3D%22H%22+AUTHOR%3D%22+%22+CHARC_TXT%3D%22Electrical+Connection%3A%22+VALUE_TXT%3D%22Thread+NPT1%2F2%2C+IP66%2F68+NEMA+Type+4X%2F6P%22+VALUE_TXT_URLENC%3D%22Thread%2BNPT1%252F2%252C%2BIP66%252F68%2BNEMA%2BType%2B4X%252F6P%22+MANDATORY%3D%22TRUE%22+ATFLV%3D%220.00%22+L_UNIT%3D%22%22+L_FACTOR%3D%220.00%22+KZAUS%3D%22%22+SALESCONDITION%3D%22%22+SALESCURRENCY%3D%22EUR%22+MANUALSALES%3D%22FALSE%22+KBETR%3D%220%22+ISY9%3D%22FALSE%22+PURCHASECONDITION%3D%22%22+PURCHASECURRENCY%3D%22EUR%22+MANUALPURCHASE%3D%22FALSE%22+KBETRP%3D%220%22+ISY9P%3D%22FALSE%22+INVISIBLE%3D%22F%22%2F%3E%3CCSTIC+CHARC%3D%22VARCOND_RESULT%22+VALUE%3D%22FMR60B_050_H%22+AUTHOR%3D%226%22+VALUE_TXT%3D%22FMR60B_050_H%22+INVISIBLE%3D%22T%22%2F%3E%3CCSTIC+CHARC%3D%22FMR60B_060%22+VALUE%3D%22H%22+AUTHOR%3D%22+%22+CHARC_TXT%3D%22Application%3A%22+VALUE_TXT%3D%22+Process+temperature+-40%E2%80%A6130oC%2F+-40...266oF%22+VALUE_TXT_URLENC%3D%22%2BProcess%2Btemperature%2B-40%25E2%2580%25A6130oC%252F%2B-40...266oF%22+MANDATORY%3D%22TRUE%22+ATFLV%3D%220.00%22+L_UNIT%3D%22%22+L_FACTOR%3D%220.00%22+KZAUS%3D%22%22+SALESCONDITION%3D%22%22+SALESCURRENCY%3D%22EUR%22+MANUALSALES%3D%22FALSE%22+KBETR%3D%220%22+ISY9%3D%22FALSE%22+PURCHASECONDITION%3D%22%22+PURCHASECURRENCY%3D%22EUR%22+MANUALPURCHASE%3D%22FALSE%22+KBETRP%3D%220%22+ISY9P%3D%22FALSE%22+INVISIBLE%3D%22F%22%2F%3E%3CCSTIC+CHARC%3D%22VARCOND_RESULT%22+VALUE%3D%22FMR60B_060_H%22+AUTHOR%3D%226%22+VALUE_TXT%3D%22FMR60B_060_H%22+INVISIBLE%3D%22T%22%2F%3E%3CCSTIC+CHARC%3D%22FMR60B_070%22+VALUE%3D%22GA%22+AUTHOR%3D%22+%22+CHARC_TXT%3D%22Antenna%3A%22+VALUE_TXT%3D%22Drip-off%2C+PTFE+50mm%2F2%27%27%22+VALUE_TXT_URLENC%3D%22Drip-off%252C%2BPTFE%2B50mm%252F2%2522%22+MANDATORY%3D%22TRUE%22+ATFLV%3D%220.00%22+L_UNIT%3D%22%22+L_FACTOR%3D%220.00%22+KZAUS%3D%22%22+SALESCONDITION%3D%22%22+SALESCURRENCY%3D%22EUR%22+MANUALSALES%3D%22FALSE%22+KBETR%3D%220%22+ISY9%3D%22FALSE%22+PURCHASECONDITION%3D%22%22+PURCHASECURRENCY%3D%22EUR%22+MANUALPURCHASE%3D%22FALSE%22+KBETRP%3D%220%22+ISY9P%3D%22FALSE%22+INVISIBLE%3D%22F%22%2F%3E%3CCSTIC+CHARC%3D%22VARCOND_RESULT%22+VALUE%3D%22FMR60B_070_GA%22+AUTHOR%3D%226%22+VALUE_TXT%3D%22FMR60B_070_GA%22+INVISIBLE%3D%22T%22%2F%3E%3CCSTIC+CHARC%3D%22FMR60B_105%22+VALUE%3D%22A3%22+AUTHOR%3D%22+%22+CHARC_TXT%3D%22Process+Connection%2C+Sealing+Surface%3A%22+VALUE_TXT%3D%22Thread+ASME+B1.20.1%2C+NPT%22+VALUE_TXT_URLENC%3D%22Thread%2BASME%2BB1.20.1%252C%2BNPT%22+MANDATORY%3D%22TRUE%22+ATFLV%3D%220.00%22+L_UNIT%3D%22%22+L_FACTOR%3D%220.00%22+KZAUS%3D%22%22+SALESCONDITION%3D%22%22+SALESCURRENCY%3D%22EUR%22+MANUALSALES%3D%22FALSE%22+KBETR%3D%220%22+ISY9%3D%22FALSE%22+PURCHASECONDITION%3D%22%22+PURCHASECURRENCY%3D%22EUR%22+MANUALPURCHASE%3D%22FALSE%22+KBETRP%3D%220%22+ISY9P%3D%22FALSE%22+INVISIBLE%3D%22F%22%2F%3E%3CCSTIC+CHARC%3D%22VARCOND_RESULT%22+VALUE%3D%22FMR60B_105_A3%22+AUTHOR%3D%226%22+VALUE_TXT%3D%22FMR60B_105_A3%22+INVISIBLE%3D%22T%22%2F%3E%3CCSTIC+CHARC%3D%22FMR60B_110%22+VALUE%3D%22VEJ%22+AUTHOR%3D%22+%22+CHARC_TXT%3D%22Process+Connection%3A%22+VALUE_TXT%3D%22MNPT1-1%2F2%2C+316L%22+VALUE_TXT_URLENC%3D%22MNPT1-1%252F2%252C%2B316L%22+MANDATORY%3D%22TRUE%22+ATFLV%3D%220.00%22+L_UNIT%3D%22%22+L_FACTOR%3D%220.00%22+KZAUS%3D%22%22+SALESCONDITION%3D%22%22+SALESCURRENCY%3D%22EUR%22+MANUALSALES%3D%22FALSE%22+KBETR%3D%220%22+ISY9%3D%22FALSE%22+PURCHASECONDITION%3D%22%22+PURCHASECURRENCY%3D%22EUR%22+MANUALPURCHASE%3D%22FALSE%22+KBETRP%3D%220%22+ISY9P%3D%22FALSE%22+INVISIBLE%3D%22F%22%2F%3E%3CCSTIC+CHARC%3D%22VARCOND_RESULT%22+VALUE%3D%22FMR60B_110_VEJ%22+AUTHOR%3D%226%22+VALUE_TXT%3D%22FMR60B_110_VEJ%22+INVISIBLE%3D%22T%22%2F%3E%3CCSTIC+CHARC%3D%22FMR60B_200%22+VALUE%3D%22D%22+AUTHOR%3D%22+%22+CHARC_TXT%3D%22Seal%3A%22+VALUE_TXT%3D%22FKM+Viton+GLT%22+VALUE_TXT_URLENC%3D%22FKM%2BViton%2BGLT%22+MANDATORY%3D%22TRUE%22+ATFLV%3D%220.00%22+L_UNIT%3D%22%22+L_FACTOR%3D%220.00%22+KZAUS%3D%22%22+SALESCONDITION%3D%22%22+SALESCURRENCY%3D%22EUR%22+MANUALSALES%3D%22FALSE%22+KBETR%3D%220%22+ISY9%3D%22FALSE%22+PURCHASECONDITION%3D%22%22+PURCHASECURRENCY%3D%22EUR%22+MANUALPURCHASE%3D%22FALSE%22+KBETRP%3D%220%22+ISY9P%3D%22FALSE%22+INVISIBLE%3D%22F%22%2F%3E%3CCSTIC+CHARC%3D%22VARCOND_RESULT%22+VALUE%3D%22FMR60B_200_D%22+AUTHOR%3D%226%22+VALUE_TXT%3D%22FMR60B_200_D%22+INVISIBLE%3D%22T%22%2F%3E%3CCSTIC+CHARC%3D%22FMR60B_540%22+VALUE%3D%22EH%22+AUTHOR%3D%22+%22+CHARC_TXT%3D%22%26gt%3B%26gt%3BApplication+Package%3A%22+VALUE_TXT%3D%22Heartbeat+Verification+%2B+Monitoring%22+VALUE_TXT_URLENC%3D%22Heartbeat%2BVerification%2B%252B%2BMonitoring%22+MANDATORY%3D%22FALSE%22+ATFLV%3D%220.00%22+L_UNIT%3D%22%22+L_FACTOR%3D%220.00%22+KZAUS%3D%22%22+SALESCONDITION%3D%22%22+SALESCURRENCY%3D%22EUR%22+MANUALSALES%3D%22FALSE%22+KBETR%3D%220%22+ISY9%3D%22FALSE%22+PURCHASECONDITION%3D%22%22+PURCHASECURRENCY%3D%22EUR%22+MANUALPURCHASE%3D%22FALSE%22+KBETRP%3D%220%22+ISY9P%3D%22FALSE%22+INVISIBLE%3D%22F%22%2F%3E%3CCSTIC+CHARC%3D%22VARCOND_RESULT%22+VALUE%3D%22FMR60B_540_EH%22+AUTHOR%3D%226%22+VALUE_TXT%3D%22FMR60B_540_EH%22+INVISIBLE%3D%22T%22%2F%3E%3C%2FCSTICS%3E%3CPKEYS%3E%3CPKEY+KEY%3D%22FMR60B_010_CD%22+FACTOR%3D%221%22%2F%3E%3CPKEY+KEY%3D%22FMR60B_020_BA%22+FACTOR%3D%221%22%2F%3E%3CPKEY+KEY%3D%22FMR60B_030_D%22+FACTOR%3D%221%22%2F%3E%3CPKEY+KEY%3D%22FMR60B_040_B%22+FACTOR%3D%221%22%2F%3E%3CPKEY+KEY%3D%22FMR60B_050_H%22+FACTOR%3D%221%22%2F%3E%3CPKEY+KEY%3D%22FMR60B_060_H%22+FACTOR%3D%221%22%2F%3E%3CPKEY+KEY%3D%22FMR60B_070_GA%22+FACTOR%3D%221%22%2F%3E%3CPKEY+KEY%3D%22FMR60B_105_A3%22+FACTOR%3D%221%22%2F%3E%3CPKEY+KEY%3D%22FMR60B_110_VEJ%22+FACTOR%3D%221%22%2F%3E%3CPKEY+KEY%3D%22FMR60B_200_D%22+FACTOR%3D%221%22%2F%3E%3CPKEY+KEY%3D%22FMR60B_540_EH%22+FACTOR%3D%221%22%2F%3E%3C%2FPKEYS%3E%3C%2FINST%3E%3Cadditional_fields%3E%3Cfield+field_name%3D%22PLATFORM%22+field_value%3D%22NEBP%22%2F%3E%3Cfield+field_name%3D%22SALESORG%22+field_value%3D%224600%22%2F%3E%3Cfield+field_name%3D%22NUMBERPREFIX%22+field_value%3D%22e%22%2F%3E%3C%2Fadditional_fields%3E%3CTSP_FIELDS+TSPVERSION%3D%22V21%22%2F%3E%3CCONFIGURATION_URL%3E%253CCONFIGURATION%2BITEMXMLVERSION%253D%25222.0%2522%253E%253CGENERAL%2BVALID%253D%2522true%2522%2BCHANGED%253D%2522false%2522%2BAPS%253D%2522true%2522%2BENVIRONMENT%253D%2522P%2522%253E%253CCONFVERSION%253EEhConfigurator%2B-%2B06.00.285%2B-%2B%253C%252FCONFVERSION%253E%253CPLATFORM%253ENEBP%253C%252FPLATFORM%253E%253CSYSTEM%253ENEB%253C%252FSYSTEM%253E%253CCLIENT%253E042%253C%252FCLIENT%253E%253CSALESORG%253E4600%253C%252FSALESORG%253E%253CUSER%253Ee%253C%252FUSER%253E%253CDATALANG%253EEN%253C%252FDATALANG%253E%253CUILANG%253EEN%253C%252FUILANG%253E%253CORDERCODE%253EFMR60B-1JQQ7%252F0%253C%252FORDERCODE%253E%253CORDERCODE_LONG%253EFMR60B-CDBADBHHGAA3VEJD%252BEH%253C%252FORDERCODE_LONG%253E%253CCUSTOMER%252F%253E%253CQUANTITY%253E1.000%253C%252FQUANTITY%253E%253CUNIT_URL%253EST%253C%252FUNIT_URL%253E%253CPRODTIMELEVEL%253EPRODTIME%253C%252FPRODTIMELEVEL%253E%253CTOTALPRODTIME%253E3%253C%252FTOTALPRODTIME%253E%253CVALIDATION%253E%253CVALIDATE_CFG_OPTION_MANDATORY%253Etrue%253C%252FVALIDATE_CFG_OPTION_MANDATORY%253E%253CVALIDATE_CFG_OPTION_NOT_FOUND%253Etrue%253C%252FVALIDATE_CFG_OPTION_NOT_FOUND%253E%253CVALIDATE_CFG_OPTION_EXCL%253Etrue%253C%252FVALIDATE_CFG_OPTION_EXCL%253E%253CVALIDATE_CFG_OPTION_INCLUSIONS%253Etrue%253C%252FVALIDATE_CFG_OPTION_INCLUSIONS%253E%253CVALIDATE_CFG_LENGTH%253Etrue%253C%252FVALIDATE_CFG_LENGTH%253E%253CVALIDATE_SIGN_OPTION_NOT_FOUND%253Etrue%253C%252FVALIDATE_SIGN_OPTION_NOT_FOUND%253E%253CVALIDATE_SIGN_MAT_NOT_FOUND%253Etrue%253C%252FVALIDATE_SIGN_MAT_NOT_FOUND%253E%253CVALIDATE_SIGN_MAT_MANDATORY%253Etrue%253C%252FVALIDATE_SIGN_MAT_MANDATORY%253E%253CVALIDATE_SIGN_MAT_EXCL%253Etrue%253C%252FVALIDATE_SIGN_MAT_EXCL%253E%253CVALIDATE_SIGN_TEXT_MANDATORY%253Etrue%253C%252FVALIDATE_SIGN_TEXT_MANDATORY%253E%253CVALIDATE_SIGN_CORRECT_QUANTITY%253Etrue%253C%252FVALIDATE_SIGN_CORRECT_QUANTITY%253E%253CVALIDATE_TSP_OPTION_NOT_FOUND%253Etrue%253C%252FVALIDATE_TSP_OPTION_NOT_FOUND%253E%253CVALIDATE_TSP_MAT_NOT_FOUND%253Etrue%253C%252FVALIDATE_TSP_MAT_NOT_FOUND%253E%253CVALIDATE_TSP_MAT_MANDATORY%253Etrue%253C%252FVALIDATE_TSP_MAT_MANDATORY%253E%253CVALIDATE_TSP_MAT_EXCL%253Etrue%253C%252FVALIDATE_TSP_MAT_EXCL%253E%253CVALIDATE_TSP_MODIF_NOT_FOUND%253Etrue%253C%252FVALIDATE_TSP_MODIF_NOT_FOUND%253E%253CVALIDATE_TSP_MODIF_MANDATORY%253Etrue%253C%252FVALIDATE_TSP_MODIF_MANDATORY%253E%253CVALIDATE_TSP_MODIF_INCLUSION%253Etrue%253C%252FVALIDATE_TSP_MODIF_INCLUSION%253E%253CVALIDATE_TSP_MODIF_FIELD%253Etrue%253C%252FVALIDATE_TSP_MODIF_FIELD%253E%253CVALIDATE_TSP_MODIF_DATE%253Etrue%253C%252FVALIDATE_TSP_MODIF_DATE%253E%253CTSPVERSION%253EV21%253C%252FTSPVERSION%253E%253CVALIDATE_MRU_ALT%253Etrue%253C%252FVALIDATE_MRU_ALT%253E%253CVALIDATE_MRU_OPTION_NOT_FOUND%253Etrue%253C%252FVALIDATE_MRU_OPTION_NOT_FOUND%253E%253CVALIDATE_MRU_FIELD_NOT_FOUND%253Etrue%253C%252FVALIDATE_MRU_FIELD_NOT_FOUND%253E%253CVALIDATE_MRU_FIELD%253Etrue%253C%252FVALIDATE_MRU_FIELD%253E%253CVALIDATE_MRU_FORMULA%253Etrue%253C%252FVALIDATE_MRU_FORMULA%253E%253C%252FVALIDATION%253E%253C%252FGENERAL%253E%253CCFG%2BVALID%253D%2522true%2522%2BCHANGED%253D%2522false%2522%2BTYPEMATNR%253D%2522%2522%2BMATNR%253D%252271524847%2522%2BROOT%253D%2522FMR60B%2522%2BPRODH_URL%253D%2522Radar%25252C%252BTransmitter%252BCompact%2522%2BSPK%253D%2522FLC%2522%2BCONFIGURABLE%253D%2522true%2522%253E%253CSHORTTEXT_URL%253EMicropilot%252BFMR60B%253C%252FSHORTTEXT_URL%253E%253CLONGTEXT%253E%253CLINE_URL%253ELevel%25252C%252Bradar%25252C%252Bcontactless.%253C%252FLINE_URL%253E%253CLINE_URL%253EBasic%252Bdevice%25252C%252B80GHz.%253C%252FLINE_URL%253E%253CLINE_URL%253EApplication%25253A%252Bliquids.%253C%252FLINE_URL%253E%253CLINE_URL%253E%25253A%25253A%252BHigh%252Bavailability%252Band%252Baccuracy.%253C%252FLINE_URL%253E%253CLINE_URL%253E%25253A%25253A%252BReliable%252Bmeasuring%25253A%253C%252FLINE_URL%253E%253CLINE_URL%253Efor%252Bchanging%252Bmedias%25252C%252Bpressure%25252C%253C%252FLINE_URL%253E%253CLINE_URL%253Etemperatures%25252C%252Bgas%252Bphases%25252C%253C%252FLINE_URL%253E%253CLINE_URL%253Etanks%252Bwith%252Bmany%252Bobstacles%25252C%253C%252FLINE_URL%253E%253CLINE_URL%253Etanks%252Bwith%252Bsmall%252Bprocess%252Bconnections.%253C%252FLINE_URL%253E%253C%252FLONGTEXT%253E%253CFEATURES%253E%253CFEATURE%2BID%253D%2522FMR60B_010%2522%253E%253CTEXT_URL%253EApproval%25253A%253C%252FTEXT_URL%253E%253COPTIONS%253E%253COPTION%2BID%253D%2522CD%2522%253E%253CTEXT_URL%253E%252BCSA%252BC%25252FUS%252BXP%252BCl.I%252BDiv.1%252BGr.A-D%25252C%252BCl.II%25252CIII%252BDiv.1%252BGr.E-G%25252C%252BCl.I%252BDiv.2%252BGr.A-D%25252C%252BCl.I%252Bzone%252B0%25252F1%25252C%252BAEx%25252C%252BEx%252Bdb%252BIIC%252BT6%252BGa%25252FGb%253C%252FTEXT_URL%253E%253C%252FOPTION%253E%253C%252FOPTIONS%253E%253C%252FFEATURE%253E%253CFEATURE%2BID%253D%2522FMR60B_020%2522%253E%253CTEXT_URL%253EOutput%25253A%253C%252FTEXT_URL%253E%253COPTIONS%253E%253COPTION%2BID%253D%2522BA%2522%253E%253CTEXT_URL%253E2-wire%252B4-20mA%252BHART%253C%252FTEXT_URL%253E%253C%252FOPTION%253E%253C%252FOPTIONS%253E%253C%252FFEATURE%253E%253CFEATURE%2BID%253D%2522FMR60B_030%2522%253E%253CTEXT_URL%253EDisplay%25253B%252BOperation%25253A%253C%252FTEXT_URL%253E%253COPTIONS%253E%253COPTION%2BID%253D%2522D%2522%253E%253CTEXT_URL%253ESegment%252Bdisplay%252Bw%25252Fo%252Bbuttons%252B%25252B%252BBluetooth%253C%252FTEXT_URL%253E%253C%252FOPTION%253E%253C%252FOPTIONS%253E%253C%252FFEATURE%253E%253CFEATURE%2BID%253D%2522FMR60B_040%2522%253E%253CTEXT_URL%253EHousing%25253B%252BMaterial%25253A%253C%252FTEXT_URL%253E%253COPTIONS%253E%253COPTION%2BID%253D%2522B%2522%253E%253CTEXT_URL%253ESingle%252Bcompartment%25253B%252BAlu%25252C%252Bcoated%253C%252FTEXT_URL%253E%253C%252FOPTION%253E%253C%252FOPTIONS%253E%253C%252FFEATURE%253E%253CFEATURE%2BID%253D%2522FMR60B_050%2522%253E%253CTEXT_URL%253EElectrical%252BConnection%25253A%253C%252FTEXT_URL%253E%253COPTIONS%253E%253COPTION%2BID%253D%2522H%2522%253E%253CTEXT_URL%253EThread%252BNPT1%25252F2%25252C%252BIP66%25252F68%252BNEMA%252BType%252B4X%25252F6P%253C%252FTEXT_URL%253E%253C%252FOPTION%253E%253C%252FOPTIONS%253E%253C%252FFEATURE%253E%253CFEATURE%2BID%253D%2522FMR60B_060%2522%253E%253CTEXT_URL%253EApplication%25253A%253C%252FTEXT_URL%253E%253COPTIONS%253E%253COPTION%2BID%253D%2522H%2522%253E%253CTEXT_URL%253E%252BProcess%252Btemperature%252B-40%2525E2%252580%2525A6130oC%25252F%252B-40...266oF%253C%252FTEXT_URL%253E%253C%252FOPTION%253E%253C%252FOPTIONS%253E%253C%252FFEATURE%253E%253CFEATURE%2BID%253D%2522FMR60B_070%2522%253E%253CTEXT_URL%253EAntenna%25253A%253C%252FTEXT_URL%253E%253COPTIONS%253E%253COPTION%2BID%253D%2522GA%2522%253E%253CTEXT_URL%253EDrip-off%25252C%252BPTFE%252B50mm%25252F2%252522%253C%252FTEXT_URL%253E%253CMODFUNS%253E%253CMODFUN%2BMOD%253D%2522MRU%2522%2BFUN%253D%2522PVALUE%2522%252F%253E%253C%252FMODFUNS%253E%253C%252FOPTION%253E%253C%252FOPTIONS%253E%253C%252FFEATURE%253E%253CFEATURE%2BID%253D%2522FMR60B_105%2522%253E%253CTEXT_URL%253EProcess%252BConnection%25252C%252BSealing%252BSurface%25253A%253C%252FTEXT_URL%253E%253COPTIONS%253E%253COPTION%2BID%253D%2522A3%2522%253E%253CTEXT_URL%253EThread%252BASME%252BB1.20.1%25252C%252BNPT%253C%252FTEXT_URL%253E%253C%252FOPTION%253E%253C%252FOPTIONS%253E%253C%252FFEATURE%253E%253CFEATURE%2BID%253D%2522FMR60B_110%2522%253E%253CTEXT_URL%253EProcess%252BConnection%25253A%253C%252FTEXT_URL%253E%253COPTIONS%253E%253COPTION%2BID%253D%2522VEJ%2522%253E%253CTEXT_URL%253EMNPT1-1%25252F2%25252C%252B316L%253C%252FTEXT_URL%253E%253C%252FOPTION%253E%253C%252FOPTIONS%253E%253C%252FFEATURE%253E%253CFEATURE%2BID%253D%2522FMR60B_200%2522%253E%253CTEXT_URL%253ESeal%25253A%253C%252FTEXT_URL%253E%253COPTIONS%253E%253COPTION%2BID%253D%2522D%2522%253E%253CTEXT_URL%253EFKM%252BViton%252BGLT%253C%252FTEXT_URL%253E%253C%252FOPTION%253E%253C%252FOPTIONS%253E%253C%252FFEATURE%253E%253CFEATURE%2BID%253D%2522FMR60B_540%2522%253E%253CTEXT_URL%253E%25253E%25253EApplication%252BPackage%25253A%253C%252FTEXT_URL%253E%253COPTIONS%253E%253COPTION%2BID%253D%2522EH%2522%253E%253CTEXT_URL%253EHeartbeat%252BVerification%252B%25252B%252BMonitoring%253C%252FTEXT_URL%253E%253C%252FOPTION%253E%253C%252FOPTIONS%253E%253C%252FFEATURE%253E%253C%252FFEATURES%253E%253C%252FCFG%253E%253C%252FCONFIGURATION%253E%3C%2FCONFIGURATION_URL%3E%3C%2FCONFIGURATION%3E%0A"/>
        </bas:product>
        <bas:delivery onRequest="false">
            <bas:productionTime unit="" isoUnit="">3</bas:productionTime>
        </bas:delivery>
        <bas:itemPricing onRequest="false">
            <bas:priceUnit unit="PC">1</bas:priceUnit>
            <bas:unitSalesPrice currency="USD">2876.23</bas:unitSalesPrice>
            <bas:itemSalesPrice currency="USD">2876.23</bas:itemSalesPrice>
        </bas:itemPricing>
    </bas:item>
</bas:basket>
